
{"speakers":[
	{
		"month": "November",
		"title": "The Politics of Too Big To Fail",
		"speaker": "Andrew Ross Sorkin",
		"image": "images/sorkin_desk260.jpg",
		"text": "New York Times columnist and author, Andrew Ross Sorkin, has been described as &ldquo;the most famous financial journalist of his generation.&rdquo; A leading voice on Wall Street and corporate America, his <em>New York Times</em> bestseller, Too Big to Fail: The Inside Story of How Wall Street and Washington Fought to Save the Financial System—and Themselves</em>, was the first true, behind-the-scenes, moment-by-moment account of how that financial crisis developed into a global tsunami."		
	}
]}
