{"menu":[
    {"name": "Japanese Tempura Udon Bowl", "price": 16.50, "description": "Thick wheat noodle in hot soup with tempura vegetables and shrimp"},
    {"name": "Seafood Udon Bowl", "price": 17.00, "description": "Shrimp, scallop served in hot soup and udon noodles"},
    {"name": "Hong Kong Wonton Egg Noodle Bowl", "price": 14.99, "description": "Authentic Cantonese dish served with pork and shrimp wontons and egg noodles"},
    {"name": "Vietnamese Beef Rice Noodle Broth(Pho)", "price": 15.99, "description": "Thin rice noodles in soup, served with choice of beef, chicken or pork"},
    {"name": "Chicken Mushroom Soba Noodle Bowl", "price": 14.00, "description": "Soba noodles served with chicken, shiitake mushrooms in chicken broth"},
    {"name": "Seafood Curry Egg Noodle Bowl", "price": 16.99, "description": "Curry soup served with egg noodles, shrimp and scallops"},
    {"name": "Tum Yum Seafood Mei Fun Bowl", "price": 16.99, "description": "Mei fun rice noodle in a spicy broth, served with shrimp and scallops"},
    {"name": "Miso Ginger Pork Ramen Bowl", "price": 14.99, "description": "Spicy pork broth, served with pork, onion and ramen"},
    {"name": "Pad See Yew(Thai)", "price": 13.99, "description": "Rice noodles served with broccoli, egg and beef"},
    {"name": "Hong Kong Chow Fun", "price": 12.99, "description": "Stir-fry beef and bean sprout, served with chinese Ho fun noodles"},
    {"name": "Curry Chow Mei Fun", "price": 12.99, "description": "Stir-fry Mei fun rice noodles with choice of chicken, beef, or shrimp with curry seasoning"},
    {"name": "Chinese Lo Mein", "price": 11.99, "description": "Egg noodes with vegetables, choice of beef, chicken or shrimp"},
    {"name": "Stir Fry Udon", "price": 12.99, "description": "Stir-fried udon noodles mixed with soy sauce, meat and vegetables"},
    {"name": "Double Pan Fried Egg Noodles", "price": 13.99, "description": "Crispy egg noodles with vegetables, shrimp and scallops"},
    {"name": "Stir Fried Yaki Ramen", "price": 13.99, "description": "Stir-fried yaki soba noodles, with vegetables and choice of chicken, beef or shrimp"},
    {"name": "Buckwheat Yaki Soba", "price": 13.99, "description": "Popular Japanese fried noodle dish served with beef, chicken or shrimp"}
]}