{"menu":[
    {"name": "Shrimp Spring Roll", "price": 7.99, "description": "Deep-fried wontons with crab meat and cream cheese filling"},
    {"name": "Pork Pot Sticker", "price": 8.99, "description": "Six pieces of fried chicken wings and legs"}, 
    {"name": "6pc Chicken Wing", "price":8.99, "description": "Shredded vegetables and shrimp wrapped in deep-fried rice paper"},
    {"name": "Crab Rangoon", "price": 5.99, "description": "Deep-fried flour skin wrapped around cabbage and pork"},
    {"name": "Edamame", "price": 5.99, "description": "Pan-fried flour wrappers filled with pork and cabbage"},
    {"name": "Harcau Shrimp Dumplings", "price": 5.99, "description": "Boiled whole soybeans with salt"},
    {"name": "Vegetable Tempura", "price": 6.50, "description": "Traditional Dim Sum with chopped shrimp, pork, bamboo shoots"},
    {"name": "Salt & Pepper Calamari", "price": 8.99, "description": "Mushroom, sliced carrot, broccoli, zucchini, onion deep fried in tempura batter"}
    
]}